index,prompt,Subject,Style,Mood,Lighting,Environment,Color,Element Value,Composition,Repeating term,Negative prompt,Collective Noun
0,"buff math teacher wearing glasses and a green polo shirt has a goatee and fights with a chromebook, anime, epic, detailed ",1,1,0,0,0,0,1,0,0,0,0
1,"ultra realistic illustration, robot brown owl against a green back for chroma key by artgerm and greg rutkowski and alphonse mucha, trending on artstation ",1,1,0,0,1,1,0,0,0,0,0
2,"a closeup painting of a gigachad making a tiny smirk, mouth shut, face by greg rutkowski, trending on artstation ",1,1,0,0,0,0,0,1,0,0,1
3,"gundam 3 d photo of a robot ninja jumping with a skateboard, venice beach, design by mark ryden, unreal 5, hyperrealistic, octane render, cosplay, rpg portrait, dynamic lighting, intricate detail, summer vibe, cinematic lighting, beeple ",1,1,1,1,1,0,1,1,0,0,0
4,a grey bunny cat - a cat combined / merged with a rabbit,1,0,0,0,0,1,0,1,0,0,0
5,"a mixed media portrait painting of crockett and tubbs, miami vice, ultra realistic, highly detailed, by frank frazetta, greg rutkowski, beeple, yoko taro, christian macnevin, beeple, wlop and krenz cushart, epic fantasy character art, volumetric indoor lighting, midday, high fantasy, cgsociety, cheerful colours, full length, exquisite detail, post - processing, masterpiece, cinematic ",1,1,0,1,0,1,1,1,1,0,0
6,"white cat with fashion model face, hyperrealism oil painting portrait ",1,1,0,0,0,1,0,0,0,0,0
7,portrait of gregory hirsch from the tv show succession climbing a ladder,1,1,0,0,0,0,0,1,0,0,0
8,"album cover of an avant - garde japanese bjd geisha vampire queen with porcelain skin in victorian red dress in the style of dark - fantasy lolita fashion painted by yoshitaka amano, takato yamamoto, christopher shy, dmt art, symmetrical vogue face portrait, intricate detail, artstation, cgsociety, artgerm, gold skulls, rococo, no hands ",1,1,0,0,0,1,1,1,0,1,1
9,"realistic detailed image of a soul cycle of reincarnation, depth perception, depth of field, action horror by lisa frank, ayami, kojima, amano, karol bak, greg hildebrandt, and mark brooks, neo - gothic, gothic, rich deep colors. beksinski painting, part by adrian ghenie and gerhard richter. art by takato yamamoto. masterpiece ",1,1,0,0,0,1,1,1,0,0,0
10,"vintage polaroid analog photo of a beautiful young gay man, warm azure tones, heavy lensflare, color bleed, film grain, depth of field, jules bastien - lepage, rudolph belarski, johfra bosschart, alexandre cabanel ",1,1,0,0,0,1,1,0,0,0,0
11,"a massive cenote hole in the ground, hundreds of large futuristic steampunk modern halo, mass effect, star wars futuristic buildings built on and around the cliff wall, large towering and cylindrical steampunk central tower in the middle, mattepainting, concept art, future architecture, by neil blevins, artstation, deviantart ",1,1,0,0,0,0,0,1,0,0,1
12,"highly detailed painting of green and red furry cats cuddling in a basket by william turner, thick brush strokes and visible paint layers, 4 k resolution ",1,1,0,0,0,1,1,0,0,0,0
13,cartoonised cat holding a comically large silver spoon ,1,1,0,0,0,0,0,0,0,0,0
14,"photo of illuminati pepe the frog on the path to enlightenment, 8 k ",1,1,0,0,0,0,1,0,0,0,0
15,"portrait of donald trump, vga ",1,0,0,0,0,0,1,0,0,0,0
16,"a full body fantasy portrait oil painting illustration of a single rugged stoic barbarian man by justin sweet with face and body clearly visible, d&d, rpg, forgotten realms, artstation trending, high quality, sombre mood, artstation trending, muted colours, no crop, entire character!,",1,1,1,0,0,1,1,1,1,0,1
17,"stunning 3 d render of roadhog ( overwatch ) looking at you, illustrated by norman rockwell and jc leyendecker, sharp thick lines, vivid colors, soft vignette, 8 k octane render, hd blender render, post - processing, masterpiece ",1,1,1,0,0,1,1,0,0,0,0
18,audrey hepburn art by camille pissarro ,1,1,0,0,0,0,0,0,0,0,0
19,a throne made of cupcakes ,1,0,0,0,0,0,0,0,0,0,0
20,the ghost knows you're asleep ,1,0,1,0,0,0,0,0,0,0,0
21,"minecraft villager in real life, highly detailed, portrait photography, deep contrast",1,1,0,1,0,0,1,0,0,0,0
22,"white tiger vs dark lion, by wlop, photoshoot, insanely detailed and intricate, hypermaximalist, elegant, ornate, hyper realistic, super detailed ",1,1,0,0,0,0,1,0,0,0,0
23,"a tight shot of a dark alien ship interior corridor by ridley scott, high contrast, aliens movie, grainy, moody, dark, bleak, arriflex 35 iii camera",1,1,1,1,0,0,1,1,0,0,0
24,"full length body portrait of marvel villain eldrad, vibrant volumetric dark natural light, dark enlightenment, ink drawing by zdzislaw beksinski, jack kirby, tom lovell, alex malveda, greg staples ",1,1,1,1,0,0,0,0,0,0,0
25,"psychedelic mushrooms, enchanted alien world, mushrooms on the ground, aliens, galaxy in the sky, butterflies, occult, illuminati, third eye, rainbows, bright colors, psychedelic, fish eye lens, vector art, fantasy poster by helen huang and frank frazetta and salvador dali ",1,1,0,0,1,1,0,1,0,0,0
26,"a camouflage pattern weather report style, 8 k, unreal ",1,1,0,0,0,0,1,0,0,0,0
27,"alien supercity, dense metropolis, brutalist architecture, bizarre and imposing megastructures, vanishing point perspective, drone speedways, twilight, style of jim burns",1,1,1,1,0,0,0,1,0,0,0
28,"one gigantic brutalist ancient tower, a detailed structure with at the top 3 spires in form of a trident, 1 0 0 0 meters tall set against sunlit, surrounded by smoke, mountains and a huge old city, 8 k, volumetric lighting, cinematic composition, octane render, dark surrealism, highly detailed by peter mohrbacher, hajime sorayama, wayne barlowe, boris vallejo, aaron horkey, gaston bussiere, craig mullins ",1,1,0,1,0,0,1,1,0,0,1
29,"i find solace in a world wiped clean. swallow me whole, abysmal mouth. ",1,0,1,0,1,0,0,0,0,0,0
30,"citizens are herded into cells by authoritarian robots in a fascist police state, art by george tooker and marc simonetti and donato giancola ",1,1,0,0,1,0,0,0,0,0,0
31,"a pastel pink and orange abstract minimalist art, calming, smooth gradients ",1,1,1,0,0,1,0,0,0,0,0
32,"stunning portrait of joaquin phoenix laughing from the movie joker, by victo ngai, kilian eng vibrant colors, dynamic lighting, digital art, winning award masterpiece, fantastically beautiful, illustration, aestheticly inspired by beksinski and dan mumford, upscale with simon stalenhag work, artstation, 8 k ",1,1,1,1,0,1,1,0,0,0,0
33,"a fantasy comic book style portrait painting of jjapanese monster shuten doji and ibaraki doji kiss, unreal 5, daz, hyper realistic, octane render, rpg portrait, ambient light, dynamic lighting ",1,1,0,1,0,0,0,1,0,0,0
34,"dynamic fullbody portrait of a beautiful!!! female knight wearing her armor, renaissance dresses and mood, by greg rutkowski and gaston bussiere and craig mullins and j. c. leyendecker ",1,1,1,0,0,0,0,1,0,0,0
35,"john madden competitive knitting : the video game 1 9 9 7 tournament edition for the nintendo genesis, game case, box art ",1,1,0,0,0,0,0,0,0,0,0
36,centered cell shaded! head portrait of female color art by laurie greasley ,1,1,0,0,0,0,0,1,0,0,0
37,"realistic character concept, gorgeous kacey rohl,  red hair, small freckles, symmetrical face, symmetrical eyes, green dress, covered in blood, dark forest, trees, shorter neck, cinematic lighting, joshua middleton and artgerm, fear anxiety terror",1,1,1,1,1,1,1,1,0,0,0
38,"cg, armor girl, machine, beautiful eyes, beautiful face, high detail, concept art, digital art, art of wlop, trending on artstation, trending on deviantart, 4 k, ",1,1,1,0,0,0,1,0,0,0,0
39,"apollo mission lands on mars, 4k, flickr",1,1,0,0,1,0,1,0,0,0,0
40,"a cinematic portrait of sephiroth, power auras, sigils, art by ayami kojima, cinematic, hyper realism, high detail, 8 k, vibrant colors, smooth gradients, high contrast, depth of field, aperture f 2. 8 ",1,1,1,0,0,1,1,1,0,0,0
41,"5 0 cents at all angles clash royal style characters, unreal engine 5, octane render, detailed, brawl stars, cinematografic, cinema 4 d, artstation trending, high definition, very detailed, blender ",1,1,0,0,0,0,1,1,1,0,1
42,"brad pitt portrait, borderlands, tales from the borderlands, the wolf among us, comic, cinematic lighting, studio quality, 8 k ",1,1,0,1,0,0,1,0,0,0,0
43,"a giant oversized octopus body on the floor inside of a warmly - lit victorian - era home, looking out the window into a large front yard faded daguerreotype, 1 9 1 0 s photography ",1,1,0,1,1,0,1,1,0,0,0
44,"naturepunk deity of retrofuture dream logic creativity, beautiful detailed realistic cinematic with astronaut character with helmet with transparent visor with reflection of american flag concept fashion portrait, hi - fructose art magazine, by anton fadeev and paul lehr and david heskin and josan gonzalez, 8 k ",1,1,1,0,0,0,1,1,0,0,0
45,"subsurface scattering, a glistening wet albino lion with mirror sunglasses and scattered pearls crystals gold wires glass tubes and long rainbow hair swirling in spirals, vibrant colors, front facing, symmetric ( ( ( ( vibrant colors ) ) ) ) octane render, jesper ejsing, james jean, justin gerard, tomasz alen kopera, cgsociety, fenghua zhong, makoto shinkai, highly detailed, rim light, art, cinematic lighting, very coherent, hyper realism, 8 k ",1,1,0,1,0,1,1,1,1,0,0
46,"grey alien with large black eyes holding an energy rifle on an alien planet with purple soil, green sky, blue and yellow fauna, alien creatures in the background, 3d render, unreal engine, octane render, ray tracing, unity, highly detailed, high quality, hd, 4k, 8k, realistic, sharp, trending",1,1,0,0,1,1,1,0,0,0,0
47,tupac digital art ,1,1,0,0,0,0,0,0,0,0,0
48,plato plays basketball with derrida on the acropolis,1,0,0,0,1,0,0,0,0,0,0
49,"metallic sliced hot pepper floating,made of intricate lines,sense of technology,acid design,hyper detaile,pinterest,three-dimensional,maya,olorful metallic colors,future sense,8k resolution",1,1,0,0,0,1,1,0,0,0,0
50,a bear wearing a suit and hat and holding a briefcase,1,0,0,0,0,0,0,0,0,0,0
51,"chernobyl station at spring, wes anderson style, noon, symmetry :: 1 cumulonimbus clouds :: 0.3 yellow :: 0.3 orange :: 0.3 red :: 0.2 --ar 16:9",1,1,0,0,1,1,1,1,0,0,1
52,"tarot card alien, blue and yellow, artstation, vivid, pharaonic patterns, --ar 5:7",1,1,0,0,0,1,1,0,0,0,0
53,"a beautiful painting of an alien building, patterns, yellow and blue, sci fi, artstation, ralph mcquarrie --ar 7:5",1,1,0,0,0,1,1,0,1,0,0
54,illustration of an art deco wing,1,1,0,0,0,0,0,0,0,0,0
55,"cute furry monster in pixar with star, colorful, volumetric lighting, 4k, photorealistic",1,1,0,1,0,1,1,0,0,0,0
56,"a blueprint of steampunk style cat, whose body is composed of pig iron gears, copper clockwork, black metal foil, symmetrical, art style refer to game machinarium.  concept design, two large pliers, refer to shapeshifter concepts  of artstation, cinematic,  8k, high detailed,  volume light,  soft lights,  post processing    --ar 8:5",1,1,0,1,0,0,1,1,0,0,0
57,beautiful multiverse dimensional mystic ancient cathedral labyrinth at the end of the fractal universe dawn  ultrarealistic photography 4k render  --w 1792 --h 1024,1,1,1,0,1,0,1,0,0,0,0
58,early 2000s yahoo office purple sunnyvale yellow computers crash bandicoot spyro ps1,1,1,0,0,1,1,0,0,0,0,0
59,a saint in the style of ortodox painting with aura,1,1,0,0,0,0,1,0,0,0,0
60,"a highly detailed render of ultra-high resolution, as rendered in unreal 3d love, moment, the time of time  shot deck, art station painting of an an abandoned 19th-century apartment taken doorknob productions, sa mountain lake highly detailed image realistic and atmospheric dynamic perspective unreal engine --ar 16:8",1,1,1,0,0,0,1,1,1,0,0
61,"teddy bear, animal print skin --ar 16:9",1,1,0,0,0,0,1,0,0,0,0
62,artwork by alice pasquini,0,1,0,0,0,0,0,0,0,0,0
63,"ethereal goddess of poppies, beautiful balyage light brown hair woman like dilraba dilmurat, california girl, wearing a flowing dress, lots of flowers, symmetrical face, art nouveau, portrait, cute, playful, fairy, harper's bazaar, pearlescent, sacred geometry, detailed background, featured on artstation, by daniel gerhartz, by ross tran, bright pastel colors, face by artgerm, by kelly mckernan, by charlie bowater, by laura rubin, 8k",1,1,0,0,0,1,1,1,0,0,1
64,"planning of smoking meat, power point",1,1,0,0,0,0,0,0,0,0,0
65,"the grim adventures of billy & mandy  ,grim, animation cartoon style cuphead",1,1,0,0,0,0,0,0,0,0,0
66,"colorful mob boss billionaire parrot villain portrait, wearing a smoking jacket, drinking wine, classy cartoon by will eisner, by glenn fabry",1,1,0,0,0,1,0,1,0,0,1
67,a guy holding a boom pole in the ocean,1,0,0,0,1,0,0,0,0,0,0
68,"a squadron of giant squids flying in the venus sky, in the style of chesley bonestell --ar 16:9",1,1,0,0,1,0,1,0,0,0,1
69,"9 dnd demon lords etched into a strobe tablet, inside of a tomb, volumetric, octane render",1,1,0,0,1,0,0,0,0,0,1
70,lotr treebeard as musashi,1,1,0,0,0,0,0,0,0,0,0
71,david hasselhoff dancing to techno in berghain,1,0,0,0,1,0,0,0,0,0,0
72,"action figure mao zedong, isometric, 80s newspaper ad",1,1,0,0,0,0,0,1,0,0,0
73,"love, moment, important, alchemical, sigil, amazon forest a highly detailed render of ultra-high resolution, as rendered in unreal 3d --ar 16:8",1,0,0,0,1,0,1,0,0,0,0
74,flat rendered vector art 3d inflated character,1,1,0,0,0,0,1,0,0,0,0
75,"a christmass tree, christmass lights, white background, style of norman rockwell --ar 16:9",1,1,0,0,1,0,1,0,1,0,0
76,"architectural hologram, colours of deep green and gold, streaking lights and glowing particles, --ar 16:9",1,0,0,1,0,1,1,0,0,0,0
77,1974 album cover why did you leave?,0,1,0,0,0,0,0,0,0,0,0
78,"a blueprint of steampunk style interior of laboratory,  overview, environment  design,  alchemist's counter selling glass bottles filled with medicine,  trending on pinterest.com  , high quality specular reflection , a lot of equipment for experiments , many books and paper , bookshelf,  chandeliers illuminate the floor, copper  edge, in the middle of the image, brass pipeline,  black metal foil,  art style refer to game machinarium.  concept design, refer to shapeshifter concepts  of artstation, cinematic,  8k, high detailed,  volume light,  soft lights,  post processing    --ar 7:3",1,1,0,0,1,0,1,1,0,0,1
79,"a set of cat robot,designer toy, art toy ,in stylized style, pixar style,minimalist, --ar 16:9",1,1,0,0,0,0,1,0,0,0,1
80,"a goat flying above a sea of worms, cinematic, realist, high details, 4k",1,1,0,0,0,0,1,0,0,0,0
81,white box in the jungle ::  white box ::  dense jungle ::  heavy fog ::  large leaves --ar 3:5,1,0,1,0,1,0,1,1,1,0,0
82,"a cartoon penguin laying in a lawn chair by the swimming pool enjoying a lemonade, trending on artstation",1,1,0,0,1,0,0,0,0,0,1
83,hyperconnectivity,0,0,0,0,0,0,1,0,0,0,0
84,"highly detailed photograph, 4k, of a lobby by beksinkski, brutalist architecture, roger dean, cubism  --uplight --ar 16:9",1,1,0,1,0,0,1,0,0,0,0
85,"this is a  liminal space lit dimly cottage.  concept design,the religious chair is in the middle of the picture. a large number of  religious tools are hung on the roof. they are dilapidated and rotten. a ray of moonlight and mottled walls are attracted by a small iron window, color scheme refer to jin xiaodi of artstation, refer to enzhe zhao's dungeon maze of artstation,  refer to game dark souls, cinematic,  8k, high detailed,  volume light,  soft lights,    --ar 16:9",1,1,1,1,0,0,1,1,0,0,1
86,dracula drivers license photo,1,1,0,0,0,0,0,0,0,0,0
87,"abstract tinkering 3 :: 0.01 glorious glowing opal figure sculpture of the queen of geometry, by karol bak and filip hodas, chrome lasers :: 1.4 chrome grim dark nebula tornado :: 1.2 intuit queen of geometry art :: 0.4 damask wallpaper :: 0.5 symmetrical ::  smooth polished opal gemstone queen of geometry sculpture, natural volumetric lighting, realistic 4k octane beautifully detailed render, 4k post-processing ::   shatter smash  break  burst  split  crack  crush  explode  demolish  implode  pulverize :: 1.3 --ar 9:16 ¡ªiw 0.2 --no blurry painting white blur bokeh brushstrokes",1,1,0,1,0,0,1,1,1,1,0
88,a cat frog walks in the enchanted forest ghibli,1,0,0,0,1,0,0,1,0,0,0
89,"devil may cry, stained glass windows, impossibly intricate details, ornate, gold accents, gothic architecture,  exquisitely intricate details, perfectly  surrealism, golden light, symmetrical, alphonse mucha, neoclassicism, hyper realistic, ultra detailed, 8k --ar 7:16",1,1,0,0,1,0,1,1,1,0,0
90,"a cartographer's workshop, wordless bible, many maps strewn about and hanging on walls, telescope, ink and quill, optical devices, sextant, compass, measuring tools, globe, dramatic lighting, epic composition, wide angle, by miyazaki, nausicaa ghibli, breath of the wild,dramatic lighting --aspect 3:4",1,1,0,1,0,0,1,1,1,0,1
91,frog,1,0,0,0,0,0,0,0,0,0,0
92,"while sightseeing around spain, simone wets her dress laughing ¡ªar 16:9 --hd",1,0,1,0,1,0,1,0,0,0,0
93,psx fps horror video game render screenshot with scanlines --no text,1,1,0,0,0,0,1,0,0,1,0
94,cool blackhole wallpaper ¡ªh 2532 ¡ªw 1170,1,1,1,0,0,0,1,0,0,0,0
95,underwater landscape made of female bodies,1,0,0,0,1,0,0,0,0,0,0
96,ascii art of a doorway into the dreams of a dying god,1,1,1,0,1,0,0,0,0,0,0
97,polaroid of a family of alpacas eating fondue in a chalet,1,1,0,0,1,0,0,0,0,0,1
98,this is a 4k photo of the angriest potato,1,0,1,0,0,0,1,0,0,0,0
99,"a giant goose next to a tiny eiffel tower, 4k photograph",1,1,0,0,0,0,1,0,0,0,0
100,"street of a town made of giant dinosaur bones by cornelis springer, marc simonetti, van haanen, oil on canvas trending on artststion",1,1,0,0,0,0,0,0,0,0,1
101,professional hdr bokeh portrait of a man in a suit standing in front of a large machine,1,1,0,0,1,0,1,1,0,0,0
102,portrait it's the face of an armored myrmidon ismail nieto jeff simpson unreal engine render,1,1,0,0,0,0,0,1,0,0,0
103,circuits of a pc,1,0,0,0,0,0,0,0,0,0,0
104,rich evans portrait studio photo,1,1,0,0,0,0,0,0,0,0,0
105,portrait of a cute witch by dantewontdie,1,1,0,0,0,0,0,0,0,0,0
106,"rgb gaming hamburger, league of legends splash art",1,1,0,0,0,1,0,0,0,0,0
107,seated ghost wraith journalist mall.  mathias kollros tano bonfanti seb mckinnon manuel castanon tony sark simon stalenhag raymond swanland beeple ismail inceoglu illustration marker facial portrait detailed intricate unreal engine render,1,1,0,0,1,0,1,1,0,0,0
108,a profile picture of the average coachella attendee,1,1,0,0,0,0,0,0,0,0,0
109,"dancing cybergirls under water, neon, digital art by liam wang, cgsociety, ps5, uhd 8k cryengine",1,1,0,0,1,0,0,0,0,0,0
110,"astronaughts in a scifi control room, reflecting in the azure pools of chernobyl by michael whelan and moebius",1,1,0,0,1,1,0,0,0,0,0
111,"portrait of a native american man. oil painting by greg rutkowski, nuri iyem, james gurney. photorealistic, soft colors",1,1,0,0,0,1,0,0,0,0,0
112,sword concept art prop alexis bierschbach max frorer,1,1,0,0,0,0,0,0,0,0,0
113,"a portrait headshot of a spiritual munk, face of piety mask, retro cyberpunk clothing, jupiter sunset by dan mumford, ukiyo-e, matte illustration, graphic novel",1,1,0,0,0,0,0,1,0,0,0
114,"stunning portrait of a woman in the ocean, cosmic nebula, illustration, digital art, contest winner",1,1,1,0,1,0,0,0,0,0,0
115,dog lord hypermech eldritch warrior. character concept art trending on artstation by craig mullins,1,1,0,0,0,0,0,0,0,0,0
116,a pizza symbiote. comic book art.,1,1,0,0,0,0,0,0,0,0,0
117,clockwork maze gold course,1,0,0,0,0,0,0,0,0,0,0
118,"portrait of socrates, pixel art",1,1,0,0,0,0,0,0,0,0,0
119,the president of the world,1,0,0,0,0,0,0,0,0,0,0
120,"the heavy burden of a violent emotional storm, tormented dissolving woman, dark storm clouds, detailed oil painting, vibrant dark fantasy, by beksinski, stephen gammell, anton fadeev,  zawadzki, leonara carrington, ilya kuvshinov",1,1,1,0,1,0,1,0,0,0,0
121,illustration of a victorian fantasy library with magical mist,1,1,1,0,1,0,0,0,0,0,0
122,"a beautiful woman reclines on a chaise lounge, gazing languidly at the viewer. she is surrounded by a sumptuous feast, and her opulent dress hints at her wealth and status.",1,0,1,0,1,0,0,1,0,0,0
123,nerd emoji. artstation,1,1,0,0,0,0,0,0,0,0,0
124,a blue (pantone) sports car,1,0,0,0,0,1,0,0,0,0,0
125,"goddess of the dark, beautiful, ethereal, light background, detailed, arnold rendering, octane, 3d shading, artstation, cgsociety, rendered by unreal engine",1,1,0,1,0,0,1,0,0,0,0
126,"a clown walking down the hallway of a spaceship, retrofuturism, vintage, uhd 8k cryengine",1,1,0,0,1,0,1,0,0,0,0
127,"portrait of the unseelie prince of playfulness, male unseelie faerie, dark fairie man, 4k digital character design, artstation, cgsociety, twitter",1,1,0,0,0,0,1,0,0,0,0
128,"night market in shibuya vaporwave cyberpunk city of dreams, 4k digital illustration by moebius, hiroshi yoshida, ross tran, noah bradley, artstation, cgsociety",1,1,0,0,1,0,1,0,0,0,0
129,ssao diffuse render of chibi mona lisa,1,1,0,0,0,0,0,0,0,0,0
130,pbs kids tv show about the frustrated divine god of bloatmaxx androgenic steroids,1,1,1,0,0,0,0,0,0,0,0
131,"is that a really tiny little drum set or a really gigantic drummer? i can't tell, it's an optical illusion.",1,1,0,0,0,0,1,0,0,0,0
132,a gijinka vampire bat warrior by eddie mendoza featured on artstation,1,1,0,0,0,0,0,0,0,0,0
133,"autumn love, by william-adolphe bouguereau, oil on canvas",0,1,0,0,0,0,0,0,0,0,0
134,"abandoned dystopian television tower , digital art by greg rutkowski and thomas kinkade, trending on artstation, cgsociety, contrast color scheme",1,1,1,0,0,1,0,0,0,0,0
135,professional macro photography of a gemstone specimen,1,1,0,0,0,0,0,0,0,0,1
136,"krita illustration of sunflower with an eye, mythical sunflower, fantasy flower",1,1,0,0,0,0,0,0,0,0,0
137,"mystic knight with deer antlers on their head, character design concept art, rendered in octane",1,1,0,0,0,0,0,0,0,0,0
138,a magician's assistant,1,0,0,0,0,0,0,0,0,0,0
139,"portrait of a female crow tengu journalist and short black hair and red tokin hat, wearing a white shirt and a black and autumn leaf patterned skirt, character design by jakub rozalski, george doutsiopoulos, and toni infante",1,1,0,0,0,1,0,0,0,0,1
140,"full body portrait of a female humanoid alien, symmetrical, hyperrealism, by h r giger, beksinski, artgerm, trending on artstation",1,1,0,0,0,0,0,1,0,0,0
141,bimbo bodybuilder barby lifesize surprise,1,0,0,0,0,0,1,0,0,0,0
142,gouraud shaded character model,1,1,0,0,0,0,0,0,0,0,0
143,ultra futuristic | bar with drinks and cocktails and bartender | generative procedural coral structure | interior wide shot | blade  runner | ridley scott | mist | volumetric lighting | dramatic lighting | --aspect 9:19,1,1,0,1,1,0,1,1,0,0,0
144,parrot by francoise basset,1,1,0,0,0,0,0,0,0,0,0
145,parrot by artwork by francoise basset,1,1,0,0,0,0,0,0,0,0,0
146,an optimistic full color hd poster of happy uncle sam laying out a cornucopia of red white and blue pills,1,1,1,0,0,1,0,1,0,0,1
147,an organic and detailed design for a cryonics preservation chamber,1,1,0,0,0,0,0,0,0,0,1
148,"Ultra realistic photo, princess peach in the mushroom kingdom, beautiful face, intricate, highly detailed, smooth, sharp focus, art by artgerm and greg rutkowski and alphonse mucha",1,1,0,0,1,0,1,0,0,0,0
149,"A Photograph of Cumulus Clouds emerging from a teacup, photo booth, skylight, soft shadows, depth of field, canon, f 1.8, 35mm",1,1,0,1,0,0,1,0,0,0,0
150,"beautiful rapunzel, wedding dress, beautiful face, intricate, highly detailed, 8k, textured, sharp focus, art by artgerm and greg rutkowski and alphonse mucha`",1,1,1,0,0,0,1,0,0,0,0
151,"night, the ocean, the milk way galaxy. highly detailed painting by gaston bussiere, greg Rutkowski, 8K",1,1,1,0,0,0,1,0,0,0,0
152,"adorable spacer woman, with Symmetric features, curly(changed to taste through gens) hair with realistic proportions, wearing rugged and torn workers clothes, award winning portrait, digital art, Dramatic cinematic, soft focus, depth of field, by artgerm and ross tran",1,1,0,0,0,0,1,1,0,0,0
153,"the river of time glowing in the dark, beautiful artwork, trending on artstation, high resolution, ultra detailed, 8k, super realistic, intricate, unreal engine render, fantasy art",1,1,0,1,0,0,1,0,0,0,0
154,Computer repair. Woman building a dieselpunk computer. Glowing screens. Huge dieselpunk computer. Dark. Shadow. Light bloom. Cinematic. Dramatic. By Greg Rutkowski,1,1,1,1,0,0,1,0,1,0,0
155,"Blonde-haired beautiful Warrior Queen, in fantasy armor, with Iron crown, cross symbolism, with a fit body, dark forest background, hopeful light, photorealistic, painted by artgerm, Akihiko yoshida, sakimichan, krenz cushart, low angle shot, digital painting",1,1,1,0,1,0,0,1,0,0,0
156,"Neil Blevins, Lee Madgwick intricate colorful steampunk city levitating above a large ocean by Cyril Rolando, Monolithic Art, Massive Complex levitating steampunk city with castles, Gravitational Anomaly, vibrantcolors, digital, Detailed Surrealism, awardwinning",1,1,0,0,1,1,1,0,1,0,0
157,"A Photo of Astronomers studying the night sky with a telescope inside Observatory, dim volumentric lighting, 8k, post-processing, soft painting, concept art, artstation, by tom bagshaw and daniel gerhartz and albert aublet and lawrence alma-tadema and alphonse mucha",1,1,0,1,1,0,1,0,0,0,0
158,"The Highland Cow is a beautiful animal, nature photography, Hasselblad, sharp focus, low angle, landscape photography by Max Rive",1,1,0,0,0,0,1,1,0,0,0
159,"X-Wing over Manhattan. 8k, concept art, trending on artstation, atmospheric lighting, fantasy, detailed, award winning, high quality",1,1,0,1,0,0,1,0,0,0,0
160,"A Dark, Spooky and gloomy Haunted kitchen with lot of dried fruits and dried vegetables , cinematic lighting, artistic, horrific, Intricate details, ultra real, apocalyptic setting, ethereal world",1,1,1,1,1,0,1,0,0,0,0
161,"Mars landscape futurstic city, elegant atmosphere, glowing lights, highly detailed, digital painting, artstation, concept art, smooth, sharp focus, illustration, art by wlop, mars ravelo and greg rutkowski",0,1,1,0,1,0,1,0,0,0,0
162,"a beach full of trash and dead animals, whales, fish, dark atmosphere, waves, water, trending on artstation, greg rutkowski, highly detailed",1,1,0,0,1,0,1,0,0,0,1
163,Photograph. Mordor photo. Manhattan photo. Barad Dur. Dark cinematic lighting. God rays. Light bloom. Shadow. Fear. Cursed. Greg Rutkowski. Award winning. 8K. High resolution. Apocalyptic.,1,1,1,1,0,0,1,0,0,0,0
164,"sleeping cute baby turtle, under the sea, realistic lighting, blur, 8K, high detail, high resolution",1,0,1,1,1,0,1,0,0,0,0
165,"painting of a vast gothic library, intricate!, expansive!!, monks, stacks of books, candle light, stair cases, highly detailed!!, fantasy, 4K, by artgerm, Greg Rutkowski, Alphonse Mucha",1,1,0,1,0,0,1,0,0,0,0
166,"jama jurabaev trending on artstation, Tomas Osang Muir trending on artstation, cel shaded, cinematic shot, trending on artstation, high quality, brush stroke, vibrant colors, detailed, 8k resolution, realisitc ligthing, a beautiful comfortable survival shelter made out of a container home with an attached garden and a small tent extension on the side, exterior walls are made of transparent material allowing light to pass through, Yosemite national park green meadows with beautiful big redwood trees on the edge, Mountains in the background and a creek running calmly through the meadow, Blue hour and a visible milkyway in the sky",1,1,1,1,1,1,1,0,1,0,1
167,"Priests gathering at aztec pyramid in jungle by ludwig deutsch and rudolf ernst,?strong dramatic cinematic lighting,?lost civilizations,?smooth,?sharp focus,?extremely detailed",1,1,0,1,1,0,1,0,0,0,0
168,"Arab man light beard,?curly hair,?swordsman,?modern,?hero,?leather,?yellow and charcoal,?character concept art,?costume design,?trending on artstation,?artgerm,?wlop",1,1,0,0,0,1,0,0,0,0,0
169,"Portrait of beautiful angel,?d & d,?face,?fantasy,?intricate,?elegant,?highly detailed,?digital painting,?artstation,?concept art,?smooth,?sharp focus,?illustration,?art by artgerm and greg rutkowski and alphonse mucha",1,1,1,0,0,0,1,1,0,0,0
170,"Cabela's beautiful comfortable modular insulated wall kit - house all weather family dwelling tent house,?person in foreground,?mountainous forested wilderness open fields,?beautiful views,?painterly concept art,?joanna gaines,?environmental concept art,?farmhouse,?magnolia,?concept art illustration,?by james gurney,?by craig mullins,?by greg rutkowski trending on artstation",1,1,1,0,1,0,0,1,0,0,0
171,"A mountain in the shape of wolf dental arch,?terrifying,?environment art,?fantasy art,?landscape art,?in the style of greg rutkowski,?illustration,?epic,?fantasy,?intricate,?hyper detailed,?artstation,?concept art,?smooth,?sharp focus,?ray tracing",1,1,1,0,0,0,1,0,0,0,0
172,"A highly detailed epic cinematic concept art cg render digital painting artwork: tokyo city market. by greg rutkowski,?in the style of francis bacon and syd mead and norman rockwell and beksinski,?open ceiling,?highly detailed,?painted by francis bacon and edward hopper,?painted by james gilleard,?surrealism,?airbrush,?ilya kuvshinov,?wlop,?stanley artgerm,?very coherent,?triadic color scheme,?art by takato yamamoto and james jean",1,1,0,0,1,1,1,0,0,0,0
173,"A human skull floating in deep dark murky water!!!,?underwater atmospheric moody,?dark surreal mood! cinematic volumetric lights,?bust portrait,?dnd,?fantasy,?intricate,?elegant,?highly detailed,?digital painting,?artstation,?concept art,?smooth,?sharp focus,?illustration,?art by artgerm and tom bagshaw and greg rutkowski and alphonse mucha",1,1,1,1,1,0,1,1,0,0,0
174,"Beautiful meadow at sunrise,?thin morning fog hovering close to the ground,?symmetry,?intricate details,?raphael lacoste,?eddie mendoza,?alex ross,?concept art,?matte painting,?highly detailed,?rule of thirds,?dynamic lighting,?cinematic,?detailed,?denoised,?centerd,?clean render",1,1,1,1,1,0,1,1,1,0,0
175,"A beautiful painting of pripyat by greg rutkowski and zdzis?aw beksinski and rene magritte,?in style of digital art. hyper detailed,?sharp focus,?soft light. unreal engine 5. ray tracing. trending on artstation",1,1,1,1,0,0,1,0,0,0,0
176,"Post apocalyptic shopping center,?raining,?building,?avenue,?modern contemporary urban americana concrete architecture,?paved roads,?by thomas kinkade,?pascal blanche,?greg rutkowski,?shaddy safadi,?neil blevins trending on artstation,?photorealistic,?neon ambiance,?ultra detailed,?high definition,?depth of field,?bokeh,?wild vegetation,?blood stains,?crumbling,?post - apocalyptic warriors",1,1,1,1,1,0,1,1,0,0,0
177,Fallout concept art school interior render grim realistic lighting unreal engine 5,1,1,1,1,0,0,0,0,0,0,0
178,"Vampires fighting in a party in the interior of gothic dark castle,?red pool fountain,?louis xv furniture,?torch lighting",1,1,0,1,1,1,0,0,0,0,0
179,"A vast indoor growing operation on the edge of space,?in a massive cavernous iron city,?dappled light,?tudor architecture,?flags,?colossal arcing metal structures high in the cavernous metal interior,?sci - fi,?beautiful,?awe inspiring,?by james gurney,?greg rutkowski,?sparth,?thomas kinkaide,?cinematography,?cinematic masterpiece",1,1,1,1,1,0,0,1,0,0,0
180,"Steampunk greenhouse interior,?colorful,?3 d scene,?render,?greg rutkowski,?zabrocki,?karlkka,?jayison devadas,?trending on artstation,?8 k,?ultra wide angle,?zenith view,?pincushion lens effect",1,1,0,0,0,1,1,1,0,0,0
181,"Portrait of a blue genasi tempest priest by greg rutkowski,?d&d character,?gradient white to cyan,?blue ocean,?highly detailed portrait,?digital painting,?artstation,?concept art,?smooth,?sharp foccus ilustration,?artstation hq",1,1,0,0,0,1,1,1,0,0,0
182,"A portrait of a rough male farmer in world war 2,?1 9 4 0 setting,?vivid colors,?soft lighting,?atmospheric,?cinematic,?moody,?in the style of ilya kuvshinov and range murata,?krenz cushart,?rule of thirds,?oil on canvas,?8 k",1,1,1,1,1,1,1,1,0,0,0
183,"a portrait of a mafia boss in a golden suit,?d&d sci-fi,?artstation,?concept art,?highly detailed illustration.¡±",1,1,0,0,0,0,1,0,0,0,0
184,"4 k wolf portrait,?ferns,?butterflies,?character concept art,?oilpainting,?cinematic lighting,?trending in artstation,?cgsociety",1,1,0,1,1,0,1,0,0,0,0
185,"Portrait of a knight,?holding a sword,?victorian,?concept art,?detailed face,?fantasy,?close up face,?highly detailed,?cinematic lighting,?digital art painting by greg rutkowski",1,1,0,1,0,0,1,1,0,0,0
186,"Winterfell walls gate,?lanscape,?calm feeling,?green grass,?clouded,?beautiful,?clean colors,?by marc simonetti",1,1,1,1,0,1,1,0,0,0,0
187,"Dream fantasy in little european town,?magic,?lanscape,?modern,?night,?dusk,?neon lights,?perspective,?street view,?art by makoto shinkai",0,1,1,1,1,0,0,1,0,0,0
188,"A gigantic paleolothic torus made of stone with highly detailed carvings of intricate shamanic robotic electronics and circuitry,?in a mediterranean lanscape,?inside a valley overlooking the sea,?in the style of andreas rocha",1,1,0,0,1,0,1,0,0,0,0
189,"Cinematic silk road lanscape,?rocket ship,?space station,?science fiction scene,?epic lighting,?cinematic compositon,?hyperrealistic",1,1,0,1,1,0,0,1,0,0,0
190,"Interior of an alien spaceship,?highly detailed,?digital artwork,?octane render",1,1,0,0,1,0,0,0,0,0,0
191,"Halo 3 interiors,?beautiful lighting,?vivid colors,?intricate,?elegant,?smooth,?sharp focus,?highly detailed digital painting,?concept art,?cinematic,?unreal engine,?4 k wallpaper,?art by syd mead,?terada katsuya,?atey ghailan,?svetlin velinov,?cgsociety,?artstation trending",1,1,0,1,0,1,1,0,0,0,0
192,"Futuristic city center with 890j maglev train in background,?modern landscape architectural design for brutalist industrialpunk black and white concrete and glass,?train with maroon,?white and teal metallic accents,?gorgeous lighting,?golden hour,?cyberpunk,?2077,?dramatic lighting and composition,?photography,?8k,?origin 100i,?star citizen concept art,?single line,?golden ratio,?artstation,?trending on artstation,?minimalistic composition,?side profile,?tokyo,?jr sc maglev,?tgv,?eurostar",1,1,0,1,0,1,1,1,0,0,0
193,"A potrait of a space fanstasy cat,?fine details. night setting. realistic shaded lighting poster by ilya kuvshinov katsuhiro,?artgerm,?jeremy lipkin and michael garmash,?unreal engine,?radiant light,?detailed and intricate environment,?digital art,?trending on art station",1,1,0,1,1,0,1,0,0,0,0
194,"An interstellar cat in a spacesuit,?cinematic,?4k,?digital art,?award winning",1,1,0,0,0,0,1,0,0,0,0
195,"5 5 mm portrait photo of an armored demonic undead deer with antlers,?in a magical forest looking at the camera. dark atmosphere. art by greg rutkowski and luis royo. highly detailed 8 k. intricate. lifelike. soft light. nikon d 8 5 0.",1,1,1,1,1,0,1,1,0,0,1
196,Whale spaceship flying near a red dwarf star,1,0,0,0,1,0,0,0,0,0,0
197,"A fancy portrait of a monstrous frog covered in blue flames by greg rutkowski,?sung choi,?mitchell mohrhauser,?maciej kuciara,?johnson ting,?maxim verehin,?peter konig,?bloodborne,?8k photorealistic,?cinematic lighting,?hd,?high details,?atmospheric,?trending on artstation",1,1,1,1,0,1,1,0,0,0,0
198,"Vicious dog with three heads,?glowing eyes and matted fur,?sinister portrait,?highly detailed,?digital painting,?artstation,?concept art,?matte,?sharp focus,?illustration,?dramatic,?cinematic sunset,?hearthstone,?art by artgerm and greg rutkowski and alphonse mucha",1,1,1,1,0,0,1,0,0,0,0
199,"A golden tiger resting,?dragon body,?highly detailed face,?close-up,?fantasy art,?monster art,?in the style of greg rutkowski,?illustration,?epic,?fantasy,?intricate,?hyper detailed,?artstation,?concept art,?smooth,?sharp focus,?ray tracing",1,1,1,1,0,0,1,1,0,0,0
200,"Anthropomorphic torus brain in edgy darkiron camel,?intricate,?elegant,?highly detailed animal monster,?digital painting,?artstation,?concept art,?smooth,?sharp focus,?illustration,?art by artgerm,?dwayne barlowe,?trending on artstation and greg rutkowski and alphonse mucha,?8 k",1,1,0,0,0,0,1,0,0,0,0
201,"An isolated apple tree,?3 d render,?art nouveau style,?ultra realistic,?masked transparent flat background,?popular on sketchfab,?pixelsquid,?8 k,?volumetric lighting,?super focused,?no blur,?trending on artstation,?octane render,?ultra detailed,?hyperrealistic,?by artgerm and alphonse mucha",1,1,0,1,1,0,1,0,0,0,0
202,"Steampunk helmet fantasy art mask robot ninja stylized digital illustration sharp focus,?elegant intricate digital painting artstation concept art global illumination ray tracing advanced technology chaykin howard and campionpascale and cooke darwyn and davis jack",1,1,0,1,0,0,1,0,0,0,0
203,"Photorealistic heaven made of fruit basket,?detailed,?centered,?digital painting,?artstation,?concept art,?donato giancola,?joseph christian leyendecker,?wlop,?boris vallejo,?breathtaking,?8 k resolution,?extremely detailed,?beautiful,?establishing shot,?artistic,?hyperrealistic,?beautiful face,?octane render,?cinematic lighting,?dramatic lighting,?masterpiece`",1,1,1,1,0,0,1,1,0,0,0
204,"Wrc rally car stylized,?design 3 dmax vray maya pixar unreal 5,?hyperrealistic,?octane render,?dynamic lighting,?intricate detail,?harvest fall vibrancy,?cinematic beeple,?by thomas kinkade global illumination ray tracing hdr,?art gta 5 cover,?official fanart behance hd artstation by jesper ejsing,?by rhads,?makoto shinkai and lois van baarle,?ilya kuvshinov,?ossdraws,?that looks like it is from borderlands and by feng zhu and loish and laurie greasley,?victo ngai,?andreas rocha,?john harris",1,1,0,1,0,1,1,0,0,0,0
205,"American phone booth with antenna in the woods,?hyper realism,?cinematic,?volumetric lighting,?octane render,?unreal engine,?8 k,?concept art,?digital art,?deviantart artstation",1,1,0,1,1,0,1,0,0,0,0
206,"depiction of the beginning of the universe inside a snow globe,?surreal,?award winning,?highly detailed,?style by mark rogers,?paul bonner,?oil on canvas. ¡±",1,1,0,0,0,0,1,0,0,0,0
207,"Blue flame captured in a bottle,?4 k,?photography,?highly detailed",1,1,0,0,0,1,1,0,0,0,0
208,"a set of cute girl designer toy , in pixar style, stylized style , minimalist , --ar 16:9",1,1,0,0,0,0,1,0,0,0,1
209,"map of a fictional world, highly detailed",0,1,0,0,1,0,1,0,0,0,0
210,"a film still of a black man starring in a japanese blockbuster film as samurai, futuristic, shallow depth of field, cinematic, award winning cgi, vfx, film still ",1,1,0,0,0,0,0,1,0,0,1
211,"wooden tukutuku panel, geometric design, wooden panelling, sharp lines, equilateral triangles",1,1,0,0,0,0,1,0,0,0,0
212,"a beautiful sunset in pastel colors on a tropical beach, oil painting",1,1,1,0,1,1,0,0,0,0,0
213,"a painting of a person standing in a room full of clocks, all of which are stopped at different times.",1,1,0,0,1,0,0,0,1,0,0
214,"vibrant ultra clear submarine in a shape of fish by laurie greasley rene magritte gustave dore, low contrast, cinematic dramatic lighting, hyper realistic detailed intricate render, hypermaximalist, ornate, epic composition, 4 k 8 k, octane blender, sharp focus, concept art, masterpiece award winning ",1,1,0,1,0,1,1,1,0,0,0
215,"brutalist temple, beach shore, backlit rimlight, black golden, crowd crowds of people, rave party windows, glitch screens --ar 16:9",1,0,0,1,1,1,1,1,1,0,1
216,"cold foggy morning in the field, alien plants by simon stÃ¥lenhag",0,1,1,0,1,0,0,0,0,0,0
217,"portrait of a rococo princess, ezekiel inks, tom bagshaw, featured on artstation",1,1,0,0,0,0,0,0,0,0,0
218,"''mechanical steampunk banana mech in solarpunk world, concept art' upscaled''",1,1,0,0,1,0,1,0,0,0,0
219,2010 offbrand modern futuristic mp3 player,1,1,0,0,0,0,0,0,0,0,0
220,benjamin netanyahu in fifa,1,0,0,0,1,0,0,0,0,0,0
221,"an image that is heavily blurred and obscured, making it difficult to make out any details",0,1,0,0,0,0,0,0,0,1,0
222,"portrait mortuary demon wraith skelebrain mindlayer. fantasy art effigy. creepy portrait of a dungeon landscape. brad rigney, pete mohrbacher, daniel conway, clint clearley, greg staples, scott m fischer, stephan matiniere",1,1,1,0,1,0,0,0,0,0,0
223,an orchid mantis drinking from a drop of dew,1,0,0,0,0,0,0,0,0,0,1
224,adorable ruby bunny creature ,1,0,1,0,0,0,0,0,0,0,0
225,"in the streets of miami in the style of gtav, full - frame of tommy vercetti, wearing a hawaiian - shirt, as a character from gtav, looking at camera ",1,1,0,0,1,0,1,1,0,0,0
226,"photo body building chihuahua , extreme muscles ¡ªar 4:5",1,1,0,0,0,0,1,1,0,0,0
227,"makise kurisu, digital art, 4k",1,1,0,0,0,0,1,0,0,0,0
228,"film still of emma watson inside avocado!!! skin in the new scifi movie, 4 k by iris van herpen ",1,1,0,0,1,0,1,0,0,0,0
229,"1 0 0 0 0 people at the beach wearing purple swimsuits, using yellow and green umbrellas, edward burtynsky photograph ",1,1,0,0,1,1,0,0,0,0,1
230,"dalmatian with saxophone, in tuxedo with top hat, medieval portrait, low poly, close up ",1,1,0,0,0,0,0,1,0,0,0
231,the mafia boss meeting in the council chamber,1,0,0,0,1,0,0,0,0,0,0
232,"robotic micky mouse head, overgrown, twisted vines, a flower meadow, iridescent, beeple ",1,1,0,0,0,0,0,0,0,0,1
233,red velvet underwear,1,0,0,0,0,1,0,0,0,0,0
234,"masterpiece modern religious artwork of the oracle veku the radiant one surrounded by a group of adoring fans, all reaching out to touch him.",1,1,0,0,0,0,0,1,0,0,1
235,"baja california bay in the style of hudson river school of art, oil on canvas ",0,1,0,0,1,0,0,0,0,0,0
236,junji ito minion,1,0,0,0,0,0,0,0,0,0,0
237,"a wwii soviet propaganda poster advertising an android smartphone by rei kamoi and dan mumford and robin eley, communist hammer and sickle ",1,1,0,0,0,0,0,0,0,0,0
238,a painting with dark colors that makes the viewer feel uneasy,0,1,1,0,0,1,0,0,0,0,0
239,"majestic princess of thunder, anime portrait, style of duelyst, by ilya kuvshinov, anton fadeev, nicola salvior, kyoto animation",1,1,1,0,0,0,0,0,0,0,0
240,"yearning shinzo abe, painting inspired by ghibli studio, rossdraws and hayao miyazaki --h 856 --w 1640",1,1,1,0,0,0,1,0,0,0,0
241,white fox steampunk portrait,1,1,0,0,0,1,0,0,0,0,0
242,"mysterious figure in striking cloak walking through sandstorm in desolate desert, buried city, global illumination, hyper-realistic, insanely detailed and intricate, cinematic 8k",1,1,0,1,1,0,1,0,0,0,0
243,brutalist glacier,1,1,0,0,0,0,0,0,0,0,0
244,a beautiful sunrise or sunset: the colors of the sky are so beautiful and the air is so fresh.,1,0,1,0,1,1,0,0,0,0,0
245,blue gradient color with bayer dithering,0,1,0,0,0,1,0,0,0,0,0
246,"character study of mike patton and adolf hitler dressed as a homeless, clear, evil, glasses, character sheet, fine details, concept design, contrast, kim jung gi, da vinci and pixar, trending on artstation, 8 k, full body and head, turnaround, front view, back view, ultra wide angle ",1,1,1,0,0,1,1,1,0,0,0
247,and round his heart one strangling golden hair by frederick stevens and william rosetti and james collison,1,1,0,0,0,1,0,0,0,0,1
248,"an ultra realistic, cinematic, fantasy, portrait, of a sad man / ork, lord of the rings, soft light, facial features, stood in a forest, with victorian clothing, detailed, deep focus, movie still, dramatic lighting, ray tracing, by michal karcz and yoshitaka amano ",1,1,1,1,1,0,1,1,0,0,0
249,"""ukiyo-e surfing cloaked woman with black hood and black clothing"". by studio ghibli and akira toriyama",1,1,0,0,0,1,0,0,0,0,0
250,an abstract art painting depicting loneliness ,0,1,1,0,0,0,0,0,0,0,0
251,"depiths creature below, cgsociety, artstation, rendered, 4k illustration",1,1,0,0,0,0,1,0,0,0,0
252,artists depiction of a space station as imagined by wernher von braun,1,1,0,0,0,0,0,0,0,0,1
253,complex pattern organic cotton in the style of tappestry highly detailed,1,1,0,0,0,0,1,0,0,0,0
254,claudio sanchez as an angel deity looking down on world,1,1,0,0,0,0,0,0,0,0,0
255,"giant imposing seraphim with many eyes and many wings, eyes everywhere, hyper realistic, glowing, terrifying, artstation ",1,1,1,0,0,0,0,0,1,0,1
256,"a painting of a creature made entirely of metal. the creature is skeletal in appearance, and it has red eyes that glow with an inner fire.",1,1,1,0,0,0,1,0,0,0,0
257,tapestry of final fantasy,0,1,0,0,0,0,0,0,0,0,0
258,"a fox looks out across  the blossoming valley at sunrise. peaceful pastel palette, beautiful matte painting. trending on artstation",1,1,1,1,1,1,0,0,0,0,0
259,"utopian arcology, detailed digital art by howard arkley, anton fadeev and john conrad berkey",1,1,0,0,0,0,1,0,0,0,0
260,cactus | totoro | dreamlike | pastel | upscaled,1,0,1,0,0,0,1,0,0,0,0
261,"photorealistic gritty kite shaped ancient space station made of black iron stone with faded red ascents, in dark outer space, dark space background, 8k octane render, matte painting --ar 16:9 --seed 1234",1,1,0,0,1,1,1,0,0,0,0
262,balance libra,1,0,0,0,0,0,0,1,0,0,0
263,"die cut sticker, vegan designer toy, vegan art toy, vegan animal",1,1,0,0,0,0,0,0,1,0,0
264,"giant easter island head house underwater, 35mm photography, ¡ªar 9:15",1,1,0,0,1,0,1,0,0,0,0
265,"a person, their eyes glowing with excitement. the person is full of energy and life, and their eyes are shining with excitement. they are ready to take on the world.",1,0,1,0,0,0,0,0,1,0,0
266,"lana del rey illustration by alphonse mucha, ultra-detailed, 2d",1,1,0,0,0,0,1,0,0,0,0
267,elaborate amazing detailed beautiful extravagant character,1,1,0,0,0,0,0,0,0,0,0
268,a busy street in dieselpunk detroit by asher brown durand and eddie mendoza featured on artstation,1,1,0,0,1,0,0,0,0,0,0
269,"portrait of holy superwoman, d&d, fantasy, highly detailed, digital painting, artstation, smooth, sharp focus, illustration, art by artgerm and greg rutkowski and alphonse mucha",1,1,0,0,0,0,1,1,0,0,0
270,"aerial view, futuristic city, glass and ceramic, tall buildings, downtown, peaceful, mountains in the back, builtiful epic lighting --no dof --ar 16:9",1,1,1,1,1,0,1,1,0,1,0
271,"a citadel of hell creaks and groans as an inferno rages above and below with electric magma explosions, sailor moon, berserk, final fantasy, james jean, mucha, beksinski, barlowe --w 128 --h 256",1,1,1,0,0,0,1,1,0,0,0
272,"a detailed painting of a huge forest in spring, digital art by wylie beckert and eric fortune, highly detailed award-winning masterpiece with incredible and beautiful details, trending on artstation",1,1,0,0,1,0,1,0,0,0,1
273,"a giant statue of responsibility, standing in a city harbor",1,0,0,0,1,0,1,0,0,0,0
274,"a symmetrical portrait of a beautiful faye wong, an hybrid alien, battleship regents, humanoid, cyborg, heavy armor, cybernetics, robotics, energy weapons, advanced scanners, prometheus, alien, sci-fi, 4k, octane render, detailed, hyper-realistic, cinematic, moody, photography by joel meyerowitz, roger deakins, slim aarons, craig mullens, artstation, --ar 5:7",1,1,1,0,0,0,1,1,0,0,0
275,"photo of putin waving a gay pride flag, cinestill, 800t, 35mm, full-hd",1,1,0,0,0,0,1,0,0,0,0
276,sausage monster,1,0,0,0,0,0,0,0,0,0,0
277,"a dark humanoid creature holding a blade, anime art, a vast, dark cave ",1,1,1,0,1,0,0,0,0,0,0
278,"dripping mucus, turtle, african tribal pattern, fungi, crawling vessels, fish, jellyfish, alien snake, reptillian eyeballs, pupils, thorn, hybrid creature, crab legs, sharp teeth, 4k, octane render, houdini particles, high detailed, hyper-realistic, on mars, cinematic, epic, moody, photography by sarah morris, hellen van meene, izumi kato, craig mullens, artstation, nasa, lens dirt, --ar 16:9",1,1,1,0,1,0,1,0,0,0,0
279,"[ joe biden ] is agent smith, wearing a black suit and black tie, movie poster, the matrix movie, film still ",1,1,0,0,0,1,0,0,0,0,0
280,"hyperrealistic steampunk cybersorceress concept art character design, atmospheric lighting",1,1,1,1,0,0,0,0,0,0,0
281,prismatic glowing cavern made of gems and crystals,1,0,0,1,1,0,0,0,0,0,0
282,"zenyatta from overwatch, character portrait, portrait, close up, concept art, intricate details, highly detailed, horror poster, horror, vintage horror art, realistic, terrifying, in the style of michael whelan, beksinski, and gustave dore ",1,1,1,0,0,0,1,1,1,0,0
283,"3d watermelon,  by thomas kindkade, alphonse mucha, loish, beatriceblue and craig mullins, sparth, ross tran, rossdraws, artgerm, trending on artstation, --ar 3:3",1,1,0,0,0,0,1,1,1,0,0
284,"giant sculpture of the letter a in helvetic¡¯s font, outdoors wrapped in chicken wire surrounded by fog",1,1,0,0,1,0,0,0,0,0,0
285,"photorealistic painting: giant figure working on complex sphere in fabric by oskar schlemmer, oil on canvas, edward hopper vibe, melancholic setting with sideway point of view, realistic human with sad expression, pastel colors",1,1,1,0,0,1,1,1,0,0,0
286,"giant evil viktor orban standing above the people lying around his feet and smiling diabolicly, cinematic, apocalyptic, dark",1,0,1,0,0,0,0,1,0,0,0
287,"film still of lord nibbler in the new scifi movie, 4 k ",1,1,0,0,0,0,1,0,0,0,0
288,"snoop dogg holding a snake for a 1990s sitcom tv show, studio photograph, portrait, c 12.0",1,1,0,0,0,0,1,0,0,0,0
289,"deep sea diver, intricate oil painting by carl spitzweg ",1,1,0,0,0,0,0,0,0,0,0
290,an abstract organism machine by nadav kander ,1,1,0,0,0,0,0,0,0,0,0
291,<painting quality=very-low>a waterfall</painting>,1,0,0,0,0,0,1,0,0,0,0
292,"gnomish mafia, wearing tuxedos, looking badass, 4k digital illustration by artgerm, wlop, james jean, andrei riabovitchev, marc simonetti, yoshitaka amano, artstation, cgsociety",1,1,0,0,0,0,1,0,0,0,0
293,"mila jovovich , highly detailed, digital painting, artstation, concept art, smooth, sharp focus, illustration, artstation, art by artgerm and greg rutkowski and alphonse mucha and j. c. leyendecker and edmund blair leighton and katsuhiro otomo and geof darrow and phil hale and ashley wood and ilya repin and charlie bowater",1,1,0,0,0,0,1,1,1,0,0
294,dramatic matte painting of favela at night --wallpaper,1,1,1,1,0,0,1,0,0,0,0
295,"a beautiful scene in early spring showing lively sprigs, detailed digital art by ivan shishkin and hoard arkley",1,1,1,0,0,0,1,0,0,0,0
296,"an avant-garde experimental oil painting of a door that leads to an intergalactic room of mystery and despair, liminal space, film grain, esoteric, strange and loneliness",1,1,1,0,1,0,0,0,0,0,0
